{"trainer/global_step":226,"_runtime":122.223846924,"val/f1":0.9583419561386108,"conf_mat_0_table":{"size":5562,"artifact_path":"wandb-client-artifact://y43u69vri9od2781pugtrv50e32ohmrm0qkgfmbms4ubg92y7adwwerkn92xz0d2ry9h457sa0x9bd4u195ix5ky104d69alrnxuw17ryyddqwfs5na6cg0n7ox7bglo/conf_mat_0_table.table.json","_latest_artifact_path":"wandb-client-artifact://swy7m1gadgruvy8np54wy0yyku86v6vxl76zhf05r7v2ahhvypd6acjadt471hgqqsnpt17j3c1jo9dazgnb0mwob7uk6x6krxshye7e0vkpiqdyw83m4svu4ahqg3mt:latest/conf_mat_0_table.table.json","path":"media/table/conf_mat_0_table_1_14f6f1838b02876a29d9.table.json","ncols":3,"nrows":100,"_type":"table-file","sha256":"14f6f1838b02876a29d9e37c048d1eb8430f17f3e2c1d349f59687d36cc1cc8e"},"_step":2,"_timestamp":1.7458569674389648e+09,"val/recall":0.9583419561386108,"val/accuracy":0.9583419561386108,"_wandb":{"runtime":122},"epoch":0,"val/loss":0.11823639273643494,"val/precision":0.9583419561386108}