{"trainer/global_step":226,"_timestamp":1.7458566998863235e+09,"val/precision":0.9635061621665955,"conf_mat_0_table":{"_type":"table-file","sha256":"07f690c088fbd3d9ac10bca73b6514632a1ecef328d46c8aa8a1525e89691da9","size":5563,"artifact_path":"wandb-client-artifact://jp1nszzo4u1vyxmu3xepqexh2ovw3zxt0ytk6lntto2omoxvjt41p5cyx4jhotoh89w8rskq70abuo93tulsj9r9hkequxx9sk27dhmoqt2q5meyptpac9wn0vn1cbqb/conf_mat_0_table.table.json","_latest_artifact_path":"wandb-client-artifact://63x8bdogxa3n3a2ww4tlykrc6otnii41mqic05ramrq16n7ygm69ynhyaccy4g5bucag9ou0jhspk0cr1xdb3yoxtlcfeug92yba3a1vxmoqvq4d1sq8u6104p89tqjc:latest/conf_mat_0_table.table.json","path":"media/table/conf_mat_0_table_1_07f690c088fbd3d9ac10.table.json","ncols":3,"nrows":100},"_wandb":{"runtime":153},"_step":2,"val/loss":0.11402278393507004,"val/accuracy":0.9635061621665955,"_runtime":153.646395942,"val/f1":0.9635061621665955,"epoch":0,"val/recall":0.9635061621665955}